Company,Job Title
"City of Rancho Cordova, CA",Facilities Maintenance Technician II
Liberty Reverse Mortgage,Mortgage Administrative Assistant
Corporate Service Center,Program Coordinator Telehealth Projects
Veterans Canteen Service,Retail Sales Associate
Corporate Service Center,Clinical Program Coordinator Telehealth
Corporate Service Center,Clinical Program Coordinator Telehealth
Liberty Reverse Mortgage,"Funding Representative, Mortgage Operations"
Liberty Reverse Mortgage,"Funding Representative, Mortgage Operations"
Corporate Service Center,Clinical Program Coordinator Telehealth
Liberty Reverse Mortgage,Mortgage Retail Production Manager
Corporate Service Center,Clinical Program Coordinator Telehealth
Liberty Reverse Mortgage,Mortgage Retail Production Manager
Liberty Reverse Mortgage,Loan Officer - Leads Provided
Liberty Reverse Mortgage,"Director, Retail Sales Operations and Production"
Liberty Reverse Mortgage,"Director, Retail Sales Operations and Production"
Liberty Reverse Mortgage,Mortgage Retail Production Manager
Liberty Reverse Mortgage,Loan Officer - Leads Provided
Corporate Service Center,Program Coordinator Telehealth Projects
Liberty Reverse Mortgage,"Funding Representative, Mortgage Operations"
Liberty Reverse Mortgage,Mortgage Administrative Assistant
"City of Rancho Cordova, CA",Facilities Maintenance Technician II
Liberty Reverse Mortgage,Mortgage Retail Production Manager
Liberty Reverse Mortgage,"Director, Retail Sales Operations and Production"
Corporate Service Center,Clinical Program Coordinator Telehealth
Veterans Canteen Service,Retail Sales Associate
Liberty Reverse Mortgage,Loan Officer - Leads Provided
Corporate Service Center,Program Coordinator Telehealth Projects
Liberty Reverse Mortgage,"Funding Representative, Mortgage Operations"
Liberty Reverse Mortgage,Mortgage Administrative Assistant
"City of Rancho Cordova, CA",Facilities Maintenance Technician II
Liberty Reverse Mortgage,Mortgage Retail Production Manager
Liberty Reverse Mortgage,"Director, Retail Sales Operations and Production"
Corporate Service Center,Clinical Program Coordinator Telehealth
Veterans Canteen Service,Retail Sales Associate
Liberty Reverse Mortgage,Loan Officer - Leads Provided
Corporate Service Center,Program Coordinator Telehealth Projects
Liberty Reverse Mortgage,"Funding Representative, Mortgage Operations"
Liberty Reverse Mortgage,Mortgage Administrative Assistant
"City of Rancho Cordova, CA",Facilities Maintenance Technician II
Liberty Reverse Mortgage,Mortgage Retail Production Manager
Liberty Reverse Mortgage,"Director, Retail Sales Operations and Production"
Corporate Service Center,Clinical Program Coordinator Telehealth
Veterans Canteen Service,Retail Sales Associate
Liberty Reverse Mortgage,Loan Officer - Leads Provided
Liberty Reverse Mortgage,"Funding Representative, Mortgage Operations"
Corporate Service Center,Program Coordinator Telehealth Projects
Liberty Reverse Mortgage,Mortgage Administrative Assistant
"City of Rancho Cordova, CA",Facilities Maintenance Technician II
Liberty Reverse Mortgage,Mortgage Retail Production Manager
Liberty Reverse Mortgage,"Director, Retail Sales Operations and Production"
Corporate Service Center,Clinical Program Coordinator Telehealth
Veterans Canteen Service,Retail Sales Associate
Liberty Reverse Mortgage,Loan Officer - Leads Provided
Liberty Reverse Mortgage,"Funding Representative, Mortgage Operations"
Corporate Service Center,Program Coordinator Telehealth Projects
Liberty Reverse Mortgage,Mortgage Administrative Assistant
"City of Rancho Cordova, CA",Facilities Maintenance Technician II
Liberty Reverse Mortgage,Mortgage Retail Production Manager
Liberty Reverse Mortgage,"Director, Retail Sales Operations and Production"
Veterans Canteen Service,Retail Sales Associate
Corporate Service Center,Clinical Program Coordinator Telehealth
